arduino_ms,emg_raw,label
2,6,good
4,55,good
6,-37,good
8,-145,good
11,-125,good
13,-34,good
15,69,good
17,95,good
19,26,good
21,18,good
23,43,good
25,-9,good
27,-74,good
29,-62,good
31,65,good
33,72,good
35,-18,good
37,-89,good
39,13,good
41,74,good
43,19,good
45,-47,good
47,-71,good
49,-82,good
51,-66,good
54,9,good
56,90,good
58,39,good
60,26,good
62,-19,good
64,-27,good
66,-18,good
68,-18,good
70,-27,good
72,37,good
74,23,good
76,-24,good
78,-33,good
80,16,good
82,-1,good
84,-37,good
86,-17,good
88,-13,good
90,-4,good
92,43,good
94,26,good
96,-2,good
98,-15,good
100,46,good
102,-45,good
104,-65,good
106,-37,good
108,-15,good
110,3,good
112,7,good
114,22,good
116,-6,good
118,9,good
120,23,good
122,-2,good
124,2,good
126,-22,good
128,30,good
130,-46,good
132,-64,good
134,-1,good
136,18,good
139,-18,good
141,-15,good
143,3,good
145,1,good
147,9,good
149,-5,good
151,-11,good
153,-3,good
155,1,good
157,4,good
159,-19,good
161,-22,good
163,-10,good
165,-5,good
167,1,good
169,4,good
171,-2,good
173,-20,good
175,-6,good
177,-4,good
179,-6,good
182,8,good
184,-7,good
186,-10,good
188,-8,good
190,-5,good
192,-2,good
194,0,good
196,-6,good
198,-6,good
200,-6,good
202,-7,good
204,-6,good
206,-6,good
208,-8,good
210,-7,good
212,-8,good
214,-7,good
216,-7,good
218,-7,good
220,-7,good
222,-6,good
224,-6,good
226,-6,good
228,-6,good
230,-5,good
232,-5,good
234,-5,good
236,-4,good
238,-4,good
240,-4,good
242,-3,good
244,-1,good
246,-3,good
248,-3,good
250,-9,good
252,-11,good
254,-7,good
256,-11,good
258,2,good
260,12,good
262,9,good
264,9,good
267,4,good
269,-1,good
271,-3,good
273,-5,good
275,-4,good
277,-9,good
279,-5,good
281,-4,good
283,-2,good
285,-5,good
287,-1,good
289,3,good
291,0,good
293,1,good
295,-2,good
297,-3,good
299,-3,good
301,-3,good
303,-4,good
305,-2,good
307,1,good
310,-3,good
312,-6,good
314,4,good
316,4,good
318,2,good
320,2,good
322,-1,good
324,-2,good
326,-2,good
328,-1,good
330,-2,good
332,-2,good
334,-2,good
336,-1,good
338,0,good
340,-1,good
342,0,good
344,-2,good
346,1,good
348,1,good
350,1,good
352,-1,good
354,-2,good
356,-1,good
358,-1,good
360,-2,good
362,-2,good
364,1,good
366,2,good
368,2,good
370,1,good
372,0,good
374,0,good
376,-2,good
378,-2,good
380,0,good
382,1,good
384,-2,good
386,-2,good
388,-1,good
390,1,good
392,1,good
395,0,good
397,-1,good
399,1,good
401,0,good
403,1,good
405,0,good
407,1,good
409,0,good
411,0,good
413,0,good
415,0,good
417,0,good
419,-1,good
421,0,good
423,0,good
425,0,good
427,0,good
429,-1,good
431,1,good
433,1,good
435,0,good
438,0,good
440,0,good
442,0,good
444,0,good
446,-1,good
448,0,good
450,1,good
452,2,good
454,0,good
456,-2,good
458,-6,good
460,-5,good
462,-4,good
464,6,good
466,10,good
468,-1,good
470,0,good
472,2,good
474,5,good
476,8,good
478,6,good
480,4,good
482,2,good
484,-2,good
486,-3,good
488,1,good
490,1,good
492,-1,good
494,-1,good
496,-2,good
498,0,good
500,0,good
502,-2,good
504,-1,good
506,-1,good
508,-3,good
510,0,good
512,-1,good
514,-1,good
516,-1,good
518,0,good
520,-2,good
523,0,good
525,1,good
527,1,good
529,0,good
531,2,good
533,1,good
535,-1,good
537,-9,good
539,-4,good
541,3,good
543,5,good
545,11,good
547,2,good
549,0,good
551,-1,good
553,-1,good
555,-1,good
557,-1,good
559,-1,good
561,-6,good
563,-5,good
566,0,good
568,5,good
570,5,good
572,2,good
574,2,good
576,0,good
578,2,good
580,0,good
582,-1,good
584,-1,good
586,-2,good
588,-1,good
590,-1,good
592,-6,good
594,-3,good
596,2,good
598,1,good
600,2,good
602,4,good
604,1,good
606,0,good
608,-1,good
610,-1,good
612,-1,good
614,-1,good
616,-1,good
618,-1,good
620,1,good
622,2,good
624,1,good
626,1,good
628,0,good
630,-1,good
632,-1,good
634,0,good
636,1,good
638,0,good
640,1,good
642,5,good
644,-3,good
646,-2,good
648,2,good
651,0,good
653,2,good
655,2,good
657,0,good
659,-1,good
661,1,good
663,0,good
665,-5,good
667,-3,good
669,0,good
671,-3,good
673,-3,good
675,0,good
677,7,good
679,3,good
681,-1,good
683,0,good
685,-1,good
687,0,good
689,5,good
691,4,good
694,-4,good
696,-4,good
698,0,good
700,0,good
702,2,good
704,2,good
706,0,good
708,-1,good
710,1,good
712,1,good
714,1,good
716,1,good
718,0,good
720,0,good
722,0,good
724,0,good
726,-2,good
728,-1,good
730,0,good
732,0,good
734,1,good
736,0,good
738,1,good
740,2,good
742,3,good
744,-2,good
746,-2,good
748,1,good
750,-1,good
752,1,good
754,6,good
756,-4,good
758,-3,good
760,34,good
762,17,good
764,-19,good
766,-31,good
768,-17,good
770,-3,good
772,7,good
774,20,good
776,10,good
779,-5,good
781,-11,good
783,-7,good
785,-3,good
787,-2,good
789,1,good
791,5,good
793,3,good
795,-5,good
797,-8,good
799,-8,good
801,-4,good
803,-3,good
805,-3,good
807,-3,good
809,-3,good
811,-3,good
813,-3,good
815,-1,good
817,-1,good
819,-1,good
822,4,good
824,0,good
826,-2,good
828,-4,good
830,-5,good
832,-4,good
834,-1,good
836,0,good
838,-1,good
840,0,good
842,-1,good
844,1,good
846,1,good
848,0,good
850,0,good
852,-1,good
854,0,good
856,0,good
858,-1,good
860,1,good
862,0,good
864,-1,good
866,1,good
868,0,good
870,1,good
872,0,good
874,1,good
876,0,good
878,0,good
880,1,good
882,1,good
884,-1,good
886,0,good
888,0,good
890,0,good
892,0,good
894,0,good
896,0,good
898,-1,good
900,1,good
902,1,good
904,0,good
907,1,good
909,0,good
911,1,good
913,2,good
915,2,good
917,2,good
919,1,good
921,1,good
923,0,good
925,1,good
927,0,good
929,-1,good
931,1,good
933,0,good
935,1,good
937,0,good
939,0,good
941,0,good
943,0,good
945,0,good
947,0,good
950,0,good
952,1,good
954,0,good
956,1,good
958,0,good
960,0,good
962,0,good
964,0,good
966,-1,good
968,1,good
970,0,good
972,0,good
974,0,good
976,0,good
978,0,good
980,0,good
982,1,good
984,1,good
986,0,good
988,0,good
990,0,good
992,0,good
994,0,good
996,0,good
998,0,good
1000,1,good
1002,0,good
1004,0,good
1006,1,good
1008,1,good
1010,0,good
1012,-1,good
1014,1,good
1016,-1,good
1018,-1,good
1020,0,good
1022,0,good
1024,0,good
1026,0,good
1028,1,good
1030,-2,good
1032,-1,good
1035,0,good
1037,0,good
1039,0,good
1041,0,good
1043,0,good
1045,1,good
1047,0,good
1049,0,good
1051,0,good
1053,0,good
1055,-1,good
1057,-1,good
1059,0,good
1061,0,good
1063,0,good
1065,-1,good
1067,0,good
1069,-1,good
1071,0,good
1073,-1,good
1075,-1,good
1078,-1,good
1080,0,good
1082,0,good
1084,0,good
1086,-1,good
1088,-1,good
1090,-1,good
1092,-1,good
1094,-1,good
1096,0,good
1098,-1,good
1100,0,good
1102,1,good
1104,0,good
1106,0,good
1108,0,good
1110,0,good
1112,0,good
1114,0,good
1116,0,good
1118,0,good
1120,1,good
1122,0,good
1124,0,good
1126,0,good
1128,0,good
1130,1,good
1132,1,good
1134,0,good
1136,0,good
1138,0,good
1140,0,good
1142,0,good
1144,2,good
1146,2,good
1148,0,good
1150,0,good
1152,0,good
1154,1,good
1156,0,good
1158,0,good
1160,0,good
1163,0,good
1165,0,good
1167,0,good
1169,0,good
1171,0,good
1173,1,good
1175,0,good
1177,0,good
1179,0,good
1181,0,good
1183,1,good
1185,0,good
1187,0,good
1189,-1,good
1191,0,good
1193,1,good
1195,1,good
1197,-1,good
1199,-1,good
1201,0,good
1203,-1,good
1206,-2,good
1208,0,good
1210,-1,good
1212,0,good
1214,0,good
1216,-1,good
1218,1,good
1220,-1,good
1222,-2,good
1224,0,good
1226,0,good
1228,-1,good
1230,0,good
1232,0,good
1234,0,good
1236,1,good
1238,1,good
1240,-1,good
1242,0,good
1244,-1,good
1246,-2,good
1248,-2,good
1250,-1,good
1252,-1,good
1254,-1,good
1256,-1,good
1258,-1,good
1260,0,good
1262,0,good
1264,-1,good
1266,-1,good
1268,-1,good
1270,-1,good
1272,0,good
1274,0,good
1276,-1,good
1278,-2,good
1280,-3,good
1282,-1,good
1284,0,good
1286,-1,good
1288,0,good
1291,-1,good
1293,-2,good
1295,-1,good
1297,0,good
1299,-2,good
1301,0,good
1303,-1,good
1305,0,good
1307,-1,good
1309,-1,good
1311,0,good
1313,-1,good
1315,1,good
1317,1,good
1319,0,good
1321,0,good
1323,-2,good
1325,-1,good
1327,0,good
1329,0,good
1331,0,good
1334,0,good
1336,-1,good
1338,-1,good
1340,-3,good
1342,-1,good
1344,-1,good
1346,0,good
1348,-2,good
1350,1,good
1352,-1,good
1354,-1,good
1356,-1,good
1358,1,good
1360,2,good
1362,5,good
1364,11,good
1366,9,good
1368,0,good
1370,-10,good
1372,-10,good
1374,-9,good
1376,-7,good
1378,-1,good
1380,1,good
1382,2,good
1384,-1,good
1386,-3,good
1388,-5,good
1390,-5,good
1392,-1,good
1394,1,good
1396,0,good
1398,2,good
1400,1,good
1402,0,good
1404,0,good
1406,0,good
1408,1,good
1410,1,good
1412,-1,good
1414,0,good
1416,0,good
1419,0,good
1421,-1,good
1423,-1,good
1425,0,good
1427,-2,good
1429,-1,good
1431,0,good
1433,-1,good
1435,1,good
1437,0,good
1439,0,good
1441,1,good
1443,1,good
1445,0,good
1447,2,good
1449,1,good
1451,1,good
1453,0,good
1455,-1,good
1457,-1,good
1459,5,good
1462,8,good
1464,7,good
1466,0,good
1468,-8,good
1470,-10,good
1472,-5,good
1474,0,good
1476,1,good
1478,2,good
1480,4,good
1482,4,good
1484,2,good
1486,-3,good
1488,-4,good
1490,-6,good
1492,-2,good
1494,3,good
1496,6,good
1498,4,good
1500,-2,good
1502,-3,good
1504,-3,good
1506,0,good
1508,4,good
1510,3,good
1512,0,good
1514,-1,good
1516,-2,good
1518,5,good
1520,6,good
1522,4,good
1524,-2,good
1526,-7,good
1528,-5,good
1530,-1,good
1532,1,good
1534,0,good
1536,2,good
1538,1,good
1540,3,good
1542,3,good
1544,3,good
1547,-2,good
1549,-7,good
1551,-9,good
1553,-4,good
1555,-1,good
1557,3,good
1559,9,good
1561,7,good
1563,5,good
1565,0,good
1567,-3,good
1569,-3,good
1571,-1,good
1573,-7,good
1575,-8,good
1577,-10,good
1579,-6,good
1581,1,good
1583,8,good
1585,8,good
1587,5,good
1590,-2,good
1592,-4,good
1594,-9,good
1596,-9,good
1598,-6,good
1600,2,good
1602,6,good
1604,12,good
1606,7,good
1608,-3,good
1610,-11,good
1612,-12,good
1614,-1,good
1616,12,good
1618,3,good
1620,-11,good
1622,-18,good
1624,-15,good
1626,-9,good
1628,-6,good
1630,-5,good
1632,-3,good
1634,0,good
1636,5,good
1638,9,good
1640,13,good
1642,15,good
1644,19,good
1646,0,good
1648,-21,good
1650,-36,good
1652,-29,good
1654,-17,good
1656,-2,good
1658,10,good
1660,16,good
1662,20,good
1664,7,good
1666,-13,good
1668,-30,good
1670,-34,good
1672,-24,good
1675,2,good
1677,19,good
1679,14,good
1681,0,good
1683,-20,good
1685,-22,good
1687,-14,good
1689,2,good
1691,11,good
1693,2,good
1695,-10,good
1697,-4,good
1699,14,good
1701,12,good
1703,-7,good
1705,-27,good
1707,-27,good
1709,-17,good
1711,-14,good
1713,-15,good
1715,-15,good
1718,-6,good
1720,7,good
1722,31,good
1724,29,good
1726,-1,good
1728,-30,good
1730,-32,good
1732,-18,good
1734,6,good
1736,13,good
1738,-4,good
1740,-22,good
1742,-19,good
1744,-9,good
1746,10,good
1748,6,good
1750,-22,good
1752,-34,good
1754,-20,good
1756,4,good
1758,35,good
1760,44,good
1762,29,good
1764,-4,good
1766,-38,good
1768,-68,good
1770,-63,good
1772,-20,good
1774,49,good
1776,88,good
1778,36,good
1780,-37,good
1782,-72,good
1784,-57,good
1786,-3,good
1788,26,good
1790,15,good
1792,-19,good
1794,-57,good
1796,-41,good
1798,-8,good
1800,32,good
1803,23,good
1805,12,good
1807,1,good
1809,-4,good
1811,2,good
1813,-19,good
1815,-33,good
1817,-30,good
1819,-17,good
1821,3,good
1823,29,good
1825,45,good
1827,15,good
1829,-7,good
1831,-15,good
1833,-20,good
1835,-42,good
1837,-58,good
1839,-25,good
1841,36,good
1843,19,good
1846,-2,good
1848,-18,good
1850,-7,good
1852,-5,good
1854,-13,good
1856,4,good
1858,10,good
1860,-7,good
1862,-19,good
1864,-20,good
1866,12,good
1868,-2,good
1870,-18,good
1872,-6,good
1874,61,good
1876,6,good
1878,-8,good
1880,-27,good
1882,-36,good
1884,-55,good
1886,-48,good
1888,-20,good
1890,5,good
1892,4,good
1894,30,good
1896,27,good
1898,-5,good
1900,-22,good
1902,-23,good
1904,64,good
1906,2,good
1908,-60,good
1910,-79,good
1912,-12,good
1914,20,good
1916,52,good
1918,-10,good
1920,-45,good
1922,-28,good
1924,-3,good
1926,0,good
1928,14,good
1931,33,good
1933,8,good
1935,-19,good
1937,-24,good
1939,-37,good
1941,-26,good
1943,-1,good
1945,8,good
1947,4,good
1949,22,good
1951,-3,good
1953,-19,good
1955,-11,good
1957,8,good
1959,2,good
1961,-15,good
1963,-16,good
1965,-11,good
1967,-8,good
1969,-6,good
1971,-5,good
1974,-3,good
1976,-4,good
1978,-4,good
1980,-4,good
1982,-5,good
1984,-6,good
1986,-6,good
1988,-6,good
1990,-5,good
1992,-4,good
1994,-6,good
1996,-7,good
1998,-7,good
2000,-8,good
2002,-7,good
2004,-7,good
2006,-6,good
2008,-6,good
2010,-6,good
2012,-5,good
2014,-5,good
2016,-7,good
2018,-4,good
2020,-4,good
2022,-4,good
2024,-5,good
2026,-4,good
2028,-4,good
2030,-5,good
2032,-4,good
2034,-2,good
2036,-1,good
2038,-2,good
2040,-2,good
2042,-2,good
2044,-2,good
2046,-1,good
2048,-1,good
2050,-2,good
2052,0,good
2054,-1,good
2056,0,good
2059,-1,good
2061,0,good
2063,0,good
2065,1,good
2067,0,good
2069,2,good
2071,0,good
2073,0,good
2075,0,good
2077,1,good
2079,0,good
2081,0,good
2083,1,good
2085,0,good
2087,1,good
2089,1,good
2091,0,good
2093,1,good
2095,1,good
2097,1,good
2099,0,good
2102,0,good
2104,-1,good
2106,-1,good
2108,0,good
2110,0,good
2112,0,good
2114,0,good
2116,0,good
2118,1,good
2120,1,good
2122,0,good
2124,1,good
2126,0,good
2128,0,good
2130,2,good
2132,1,good
2134,-1,good
2136,0,good
2138,0,good
2140,0,good
2142,0,good
2144,1,good
2146,0,good
2148,0,good
2150,1,good
2152,0,good
2154,-1,good
2156,0,good
2158,0,good
2160,1,good
2162,1,good
2164,0,good
2166,0,good
2168,1,good
2170,1,good
2172,0,good
2174,0,good
2176,0,good
2178,-1,good
2180,0,good
2182,0,good
2184,0,good
2187,0,good
2189,0,good
2191,1,good
2193,0,good
2195,-1,good
2197,0,good
2199,-1,good
2201,2,good
2203,1,good
2205,0,good
2207,-1,good
2209,1,good
2211,1,good
2213,0,good
2215,0,good
2217,0,good
2219,0,good
2221,1,good
2223,0,good
2225,1,good
2227,-1,good
2230,0,good
2232,0,good
2234,0,good
2236,-1,good
2238,0,good
2240,0,good
2242,0,good
2244,0,good
2246,1,good
2248,0,good
2250,0,good
2252,0,good
2254,2,good
2256,0,good
2258,0,good
2260,1,good
2262,-2,good
2264,0,good
2266,0,good
2268,-1,good
2270,1,good
2272,1,good
2274,1,good
2276,-1,good
2278,1,good
2280,0,good
2282,0,good
2284,1,good
2286,1,good
2288,0,good
2290,0,good
2292,0,good
2294,1,good
2296,0,good
2298,0,good
2300,2,good
2302,0,good
2304,0,good
2306,-1,good
2308,1,good
2310,-1,good
2312,-1,good
2315,0,good
2317,-1,good
2319,1,good
2321,1,good
2323,1,good
2325,0,good
2327,1,good
2329,0,good
2331,0,good
2333,0,good
2335,0,good
2337,1,good
2339,-1,good
2341,1,good
2343,0,good
2345,0,good
2347,0,good
2349,-1,good
2351,0,good
2353,0,good
2355,0,good
2358,0,good
2360,0,good
2362,0,good
2364,0,good
2366,0,good
2368,-1,good
2370,1,good
2372,0,good
2374,0,good
2376,-1,good
2378,-1,good
2380,0,good
2382,-2,good
2384,1,good
2386,0,good
2388,1,good
2390,0,good
2392,0,good
2394,-1,good
2396,2,good
2398,1,good
2400,1,good
2402,1,good
2404,-2,good
2406,-3,good
2408,-2,good
2410,1,good
2412,1,good
2414,4,good
2416,2,good
2418,3,good
2420,1,good
2422,2,good
2424,0,good
2426,5,good
2428,0,good
2430,-5,good
2432,2,good
2434,2,good
2436,-2,good
2438,-3,good
2440,1,good
2443,0,good
2445,5,good
2447,6,good
2449,4,good
2451,0,good
2453,-5,good
2455,-5,good
2457,-1,good
2459,1,good
2461,4,good
2463,3,good
2465,1,good
2467,0,good
2469,1,good
2471,1,good
2473,1,good
2475,2,good
2477,2,good
2479,1,good
2481,3,good
2483,1,good
2486,6,good
2488,-1,good
2490,0,good
2492,-3,good
2494,-6,good
2496,-5,good
2498,-3,good
2500,5,good
2502,10,good
2504,14,good
2506,4,good
2508,-6,good
2510,-12,good
2512,-6,good
2514,0,good
2516,2,good
2518,3,good
2520,2,good
2522,0,good
2524,1,good
2526,1,good
2528,2,good
2530,2,good
2532,-1,good
2534,-1,good
2536,-2,good
2538,-2,good
2540,-1,good
2542,-1,good
2544,2,good
2546,1,good
2548,-1,good
2550,-1,good
2552,1,good
2554,-1,good
2556,1,good
2558,0,good
2560,0,good
2562,0,good
2564,0,good
2566,2,good
2568,0,good
2571,-1,good
2573,-1,good
2575,0,good
2577,0,good
2579,1,good
2581,0,good
2583,-2,good
2585,0,good
2587,0,good
2589,0,good
2591,-1,good
2593,-1,good
2595,1,good
2597,-1,good
2599,0,good
2601,1,good
2603,0,good
2605,0,good
2607,0,good
2609,0,good
2611,0,good
2614,-1,good
2616,0,good
2618,-1,good
2620,0,good
2622,-1,good
2624,0,good
2626,0,good
2628,-1,good
2630,-1,good
2632,-1,good
2634,-1,good
2636,0,good
2638,-1,good
2640,0,good
2642,-1,good
2644,-1,good
2646,-1,good
2648,0,good
2650,-1,good
2652,0,good
2654,-1,good
2656,0,good
2658,-1,good
2660,-1,good
2662,0,good
2664,0,good
2666,0,good
2668,0,good
2670,-1,good
2672,0,good
2674,0,good
2676,0,good
2678,-1,good
2680,-1,good
2682,-2,good
2684,0,good
2686,0,good
2688,0,good
2690,-1,good
2692,0,good
2694,0,good
2696,1,good
2699,0,good
2701,0,good
2703,0,good
2705,1,good
2707,0,good
2709,0,good
2711,0,good
2713,0,good
2715,-1,good
2717,1,good
2719,0,good
2721,0,good
2723,1,good
2725,-1,good
2727,2,good
2729,1,good
2731,1,good
2733,0,good
2735,0,good
2737,3,good
2739,2,good
2742,2,good
2744,1,good
2746,2,good
2748,1,good
2750,1,good
2752,1,good
2754,1,good
2756,1,good
2758,1,good
2760,1,good
2762,1,good
2764,1,good
2766,0,good
2768,1,good
2770,1,good
2772,2,good
2774,0,good
2776,0,good
2778,1,good
2780,0,good
2782,0,good
2784,1,good
2786,1,good
2788,0,good
2790,0,good
2792,0,good
2794,1,good
2796,-1,good
2798,-1,good
2800,-1,good
2802,0,good
2804,0,good
2806,0,good
2808,0,good
2810,-1,good
2812,0,good
2814,0,good
2816,0,good
2818,0,good
2820,-1,good
2822,0,good
2824,0,good
2827,0,good
2829,-2,good
2831,0,good
2833,0,good
2835,-1,good
2837,-1,good
2839,-1,good
2841,0,good
2843,0,good
2845,1,good
2847,0,good
2849,0,good
2851,0,good
2853,1,good
2855,-1,good
2857,0,good
2859,0,good
2861,1,good
2863,0,good
2865,1,good
2867,1,good
2870,1,good
2872,1,good
2874,2,good
2876,2,good
2878,1,good
2880,1,good
2882,1,good
2884,1,good
2886,0,good
2888,1,good
2890,0,good
2892,0,good
2894,1,good
2896,1,good
2898,1,good
2900,2,good
2902,1,good
2904,2,good
2906,1,good
2908,1,good
2910,0,good
2912,0,good
2914,1,good
2916,1,good
2918,1,good
2920,1,good
2922,0,good
2924,1,good
2926,0,good
2928,0,good
2930,0,good
2932,1,good
2934,1,good
2936,1,good
2938,0,good
2940,0,good
2942,1,good
2944,0,good
2946,1,good
2948,0,good
2950,1,good
2952,0,good
2955,1,good
2957,0,good
2959,2,good
2961,2,good
2963,1,good
2965,0,good
2967,-1,good
2969,1,good
2971,1,good
2973,1,good
2975,0,good
2977,0,good
2979,1,good
2981,0,good
2983,0,good
2985,1,good
2987,-1,good
2989,0,good
2991,1,good
2993,1,good
2995,2,good
2998,0,good
3000,-1,good
3002,1,good
3004,0,good
3006,1,good
3008,2,good
3010,-2,good
3012,0,good
3014,-1,good
3016,0,good
3018,-1,good
3020,1,good
3022,1,good
3024,1,good
3026,1,good
3028,0,good
3030,0,good
3032,0,good
3034,0,good
3036,1,good
3038,0,good
3040,-1,good
3042,-1,good
3044,0,good
3046,0,good
3048,0,good
3050,0,good
3052,0,good
3054,0,good
3056,1,good
3058,0,good
3060,0,good
3062,0,good
3064,0,good
3066,0,good
3068,0,good
3070,-1,good
3072,-1,good
3074,0,good
3076,0,good
3078,1,good
3080,1,good
3083,0,good
3085,1,good
3087,1,good
3089,1,good
3091,0,good
3093,1,good
3095,0,good
3097,0,good
3099,1,good
3101,0,good
3103,1,good
3105,0,good
3107,1,good
3109,-1,good
3111,0,good
3113,0,good
3115,0,good
3117,-1,good
3119,0,good
3121,0,good
3123,-1,good
3126,-1,good
3128,0,good
3130,-1,good
3132,-2,good
3134,-1,good
3136,0,good
3138,1,good
3140,0,good
3142,1,good
3144,0,good
3146,0,good
3148,0,good
3150,0,good
3152,1,good
3154,0,good
3156,-1,good
3158,0,good
3160,0,good
3162,0,good
3164,0,good
3166,1,good
3168,0,good
3170,0,good
3172,0,good
3174,0,good
3176,1,good
3178,1,good
3180,0,good
3182,1,good
3184,0,good
3186,0,good
3188,0,good
3190,0,good
3192,0,good
3194,0,good
3196,0,good
3198,-1,good
3200,1,good
3202,0,good
3204,0,good
3206,1,good
3208,1,good
3211,0,good
3213,0,good
3215,0,good
3217,2,good
3219,-1,good
3221,1,good
3223,0,good
3225,0,good
3227,0,good
3229,-1,good
3231,-1,good
3233,1,good
3235,0,good
3237,2,good
3239,0,good
3241,1,good
3243,-1,good
3245,0,good
3247,0,good
3249,1,good
3251,1,good
3254,0,good
3256,0,good
3258,0,good
3260,0,good
3262,0,good
3264,0,good
3266,1,good
3268,-1,good
3270,0,good
3272,0,good
3274,0,good
3276,0,good
3278,0,good
3280,0,good
3282,0,good
3284,0,good
3286,1,good
3288,0,good
3290,0,good
3292,0,good
3294,0,good
3296,0,good
3298,-1,good
3300,1,good
3302,1,good
3304,1,good
3306,0,good
3308,-1,good
3310,0,good
3312,0,good
3314,-1,good
3316,0,good
3318,-1,good
3320,0,good
3322,0,good
3324,0,good
3326,1,good
3328,1,good
3330,0,good
3332,-1,good
3334,-1,good
3336,0,good
3339,-1,good
3341,0,good
3343,0,good
3345,0,good
3347,0,good
3349,0,good
3351,1,good
3353,0,good
3355,0,good
3357,1,good
3359,0,good
3361,0,good
3363,0,good
3365,-2,good
3367,-1,good
3369,-1,good
3371,0,good
3373,-1,good
3375,1,good
3377,0,good
3379,0,good
3382,0,good
3384,0,good
3386,0,good
3388,0,good
3390,0,good
3392,0,good
3394,0,good
3396,0,good
3398,0,good
3400,0,good
3402,-1,good
3404,0,good
3406,0,good
3408,1,good
3410,1,good
3412,0,good
3414,0,good
3416,0,good
3418,0,good
3420,-1,good
3422,1,good
3424,-2,good
3426,1,good
3428,0,good
3430,0,good
3432,0,good
3434,0,good
3436,0,good
3438,1,good
3440,0,good
3442,0,good
3444,1,good
3446,1,good
3448,0,good
3450,0,good
3452,-2,good
3454,0,good
3456,0,good
3458,0,good
3460,1,good
3462,1,good
3464,1,good
3467,1,good
3469,0,good
3471,0,good
3473,3,good
3475,3,good
3477,-1,good
3479,-2,good
3481,-4,good
3483,-1,good
3485,-1,good
3487,0,good
3489,1,good
3491,1,good
3493,0,good
3495,0,good
3497,1,good
3499,0,good
3501,1,good
3503,0,good
3505,1,good
3507,3,good
3510,2,good
3512,3,good
3514,1,good
3516,-2,good
3518,-3,good
3520,-2,good
3522,6,good
3524,7,good
3526,1,good
3528,-4,good
3530,-6,good
3532,-4,good
3534,-2,good
3536,-2,good
3538,2,good
3540,1,good
3542,0,good
3544,1,good
3546,0,good
3548,0,good
3550,2,good
3552,1,good
3554,1,good
3556,1,good
3558,2,good
3560,0,good
3562,-1,good
3564,0,good
3566,0,good
3568,1,good
3570,1,good
3572,1,good
3574,1,good
3576,-1,good
3578,-2,good
3580,-3,good
3582,0,good
3584,1,good
3586,1,good
3588,0,good
3590,3,good
3592,2,good
3595,0,good
3597,-3,good
3599,-3,good
3601,0,good
3603,8,good
3605,7,good
3607,0,good
3609,-5,good
3611,-6,good
3613,-6,good
3615,0,good
3617,-1,good
3619,-1,good
3621,1,good
3623,2,good
3625,1,good
3627,-1,good
3629,-2,good
3631,-1,good
3633,0,good
3635,6,good
3638,5,good
3640,-2,good
3642,-5,good
3644,-5,good
3646,0,good
3648,5,good
3650,1,good
3652,0,good
3654,-4,good
3656,-2,good
3658,1,good
3660,1,good
3662,1,good
3664,0,good
3666,-1,good
3668,1,good
3670,1,good
3672,1,good
3674,-1,good
3676,-2,good
3678,0,good
3680,-1,good
3682,0,good
3684,1,good
3686,-1,good
3688,0,good
3690,0,good
3692,0,good
3694,0,good
3696,0,good
3698,-1,good
3700,1,good
3702,0,good
3704,1,good
3706,0,good
3708,2,good
3710,3,good
3712,4,good
3714,2,good
3716,-1,good
3718,-5,good
3720,-7,good
3723,-2,good
3725,0,good
3727,1,good
3729,2,good
3731,2,good
3733,1,good
3735,1,good
3737,1,good
3739,-1,good
3741,1,good
3743,0,good
3745,0,good
3747,0,good
3749,-1,good
3751,0,good
3753,10,good
3755,8,good
3757,-1,good
3759,-6,good
3761,-9,good
3763,-6,good
3766,-3,good
3768,-2,good
3770,2,good
3772,3,good
3774,0,good
3776,1,good
3778,2,good
3780,0,good
3782,1,good
3784,0,good
3786,1,good
3788,1,good
3790,4,good
3792,0,good
3794,-1,good
3796,-4,good
3798,-1,good
3800,-1,good
3802,1,good
3804,-1,good
3806,0,good
3808,0,good
3810,-1,good
3812,0,good
3814,0,good
3816,0,good
3818,0,good
3820,2,good
3822,0,good
3824,3,good
3826,1,good
3828,-1,good
3830,-3,good
3832,-3,good
3834,-1,good
3836,0,good
3838,0,good
3840,2,good
3842,1,good
3844,0,good
3846,1,good
3848,0,good
3851,1,good
3853,0,good
3855,0,good
3857,2,good
3859,2,good
3861,1,good
3863,-1,good
3865,-2,good
3867,-3,good
3869,0,good
3871,1,good
3873,1,good
3875,2,good
3877,2,good
3879,0,good
3881,7,good
3883,8,good
3885,2,good
3887,-5,good
3889,-10,good
3891,-4,good
3894,0,good
3896,1,good
3898,2,good
3900,2,good
3902,2,good
3904,1,good
3906,3,good
3908,7,good
3910,7,good
3912,0,good
3914,-5,good
3916,-8,good
3918,-5,good
3920,-1,good
3922,2,good
3924,2,good
3926,1,good
3928,0,good
3930,1,good
3932,1,good
3934,0,good
3936,-1,good
3938,1,good
3940,0,good
3942,1,good
3944,4,good
3946,4,good
3948,0,good
3950,-2,good
3952,-3,good
3954,-1,good
3956,0,good
3958,0,good
3960,-1,good
3962,-1,good
3964,0,good
3966,0,good
3968,2,good
3970,5,good
3972,3,good
3974,0,good
3976,-3,good
3979,-1,good
3981,2,good
3983,3,good
3985,-1,good
3987,-3,good
3989,-1,good
3991,-2,good
3993,4,good
3995,6,good
3997,4,good
3999,1,good
4001,-5,good
4003,-8,good
4005,-5,good
4007,-3,good
4009,1,good
4011,2,good
4013,3,good
4015,5,good
4017,2,good
4019,0,good
4022,-3,good
4024,-3,good
4026,0,good
4028,1,good
4030,0,good
4032,-1,good
4034,0,good
4036,0,good
4038,1,good
4040,2,good
4042,0,good
4044,1,good
4046,1,good
4048,1,good
4050,-1,good
4052,-2,good
4054,-3,good
4056,-1,good
4058,0,good
4060,0,good
4062,1,good
4064,1,good
4066,2,good
4068,0,good
4070,1,good
4072,2,good
4074,6,good
4076,6,good
4078,2,good
4080,1,good
4082,-2,good
4084,-3,good
4086,-6,good
4088,-5,good
4090,0,good
4092,0,good
4094,2,good
4096,2,good
4098,2,good
4100,3,good
4102,9,good
4104,11,good
4107,16,good
4109,3,good
4111,-11,good
4113,-19,good
4115,-16,good
4117,-8,good
4119,1,good
4121,5,good
4123,5,good
4125,4,good
4127,0,good
4129,-4,good
4131,-3,good
4133,-2,good
4135,0,good
4137,-1,good
4139,0,good
4141,-2,good
4143,-1,good
4145,-1,good
4147,-1,good
4150,0,good
4152,-1,good
4154,0,good
4156,-1,good
4158,-1,good
4160,0,good
4162,0,good
4164,-1,good
4166,0,good
4168,-1,good
4170,1,good
4172,-1,good
4174,-1,good
4176,0,good
4178,0,good
4180,0,good
4182,-1,good
4184,1,good
4186,0,good
4188,0,good
4190,0,good
4192,0,good
4194,-2,good
4196,1,good
4198,3,good
4200,4,good
4202,2,good
4204,-2,good
4206,-5,good
4208,-2,good
4210,-1,good
4212,0,good
4214,1,good
4216,1,good
4218,0,good
4220,0,good
4222,2,good
4224,1,good
4226,-1,good
4228,-1,good
4230,-2,good
4232,-2,good
4235,1,good
4237,1,good
4239,1,good
4241,0,good
4243,0,good
4245,1,good
4247,2,good
4249,-1,good
4251,-2,good
4253,1,good
4255,1,good
4257,0,good
4259,0,good
4261,1,good
4263,1,good
4265,0,good
4267,2,good
4269,1,good
4271,1,good
4273,1,good
4275,2,good
4278,-1,good
4280,-3,good
4282,-2,good
4284,-1,good
4286,1,good
4288,0,good
4290,2,good
4292,0,good
4294,1,good
4296,1,good
4298,1,good
4300,1,good
4302,-1,good
4304,-1,good
4306,1,good
4308,10,good
4310,14,good
4312,7,good
4314,-7,good
4316,-12,good
4318,-8,good
4320,-6,good
4322,-2,good
4324,-2,good
4326,-1,good
4328,2,good
4330,4,good
4332,3,good
4334,1,good
4336,3,good
4338,-1,good
4340,6,good
4342,10,good
4344,5,good
4346,-4,good
4348,-13,good
4350,-10,good
4352,3,good
4354,10,good
4356,7,good
4358,-1,good
4360,-7,good
4363,-6,good
4365,-3,good
4367,-3,good
4369,2,good
4371,4,good
4373,16,good
4375,14,good
4377,3,good
4379,-12,good
4381,-18,good
4383,-16,good
4385,-8,good
4387,-5,good
4389,-3,good
4391,9,good
4393,16,good
4395,7,good
4397,-6,good
4399,-15,good
4401,-9,good
4403,3,good
4406,1,good
4408,-7,good
4410,-6,good
4412,-1,good
4414,1,good
4416,-3,good
4418,-7,good
4420,-10,good
4422,-12,good
4424,-9,good
4426,5,good
4428,9,good
4430,2,good
4432,-8,good
4434,-4,good
4436,3,good
4438,2,good
4440,-6,good
4442,-14,good
4444,-13,good
4446,-11,good
4448,-10,good
4450,-5,good
4452,-2,good
4454,4,good
4456,4,good
4458,3,good
4460,5,good
4462,3,good
4464,-2,good
4466,-11,good
4468,-3,good
4470,0,good
4472,7,good
4474,7,good
4476,-7,good
4478,-19,good
4480,-24,good
4482,-14,good
4484,-2,good
4486,6,good
4488,3,good
4491,-2,good
4493,-6,good
4495,-9,good
4497,-10,good
4499,-9,good
4501,-6,good
4503,-2,good
4505,1,good
4507,6,good
4509,7,good
4511,10,good
4513,2,good
4515,-14,good
4517,-14,good
4519,-6,good
4521,4,good
4523,6,good
4525,-5,good
4527,-10,good
4529,-7,good
4531,-9,good
4534,-1,good
4536,22,good
4538,17,good
4540,-10,good
4542,-31,good
4544,-28,good
4546,-6,good
4548,2,good
4550,-5,good
4552,-3,good
4554,-2,good
4556,-3,good
4558,-10,good
4560,-1,good
4562,8,good
4564,2,good
4566,-15,good
4568,-24,good
4570,-20,good
4572,-9,good
4574,-5,good
4576,-2,good
4578,2,good
4580,3,good
4582,21,good
4584,56,good
4586,53,good
4588,-1,good
4590,-54,good
4592,-71,good
4594,-37,good
4596,-12,good
4598,-11,good
4600,-16,good
4602,-9,good
4604,7,good
4606,14,good
4608,8,good
4610,-8,good
4612,-9,good
4614,-2,good
4616,1,good
4619,5,good
4621,1,good
4623,-2,good
4625,-4,good
4627,-12,good
4629,-7,good
4631,-14,good
4633,-5,good
4635,6,good
4637,4,good
4639,-17,good
4641,-29,good
4643,-21,good
4645,-9,good
4647,4,good
4649,0,good
4651,9,good
4653,6,good
4655,-16,good
4657,-39,good
4659,-29,good
4662,-12,good
4664,14,good
4666,22,good
4668,18,good
4670,-8,good
4672,-33,good
4674,-36,good
4676,-12,good
4678,16,good
4680,24,good
4682,7,good
4684,-5,good
4686,6,good
4688,-4,good
4690,12,good
4692,26,good
4694,-6,good
4696,-48,good
4698,-75,good
4700,-40,good
4702,9,good
4704,18,good
4706,5,good
4708,-9,good
4710,-15,good
4712,3,good
4714,11,good
4716,13,good
4718,19,good
4720,6,good
4722,-19,good
4724,-34,good
4726,-30,good
4728,-17,good
4730,0,good
4732,6,good
4734,0,good
4736,-3,good
4738,0,good
4740,11,good
4742,15,good
4744,7,good
4747,9,good
4749,22,good
4751,-2,good
4753,-18,good
4755,-43,good
4757,-59,good
4759,-41,good
4761,-12,good
4763,10,good
4765,14,good
4767,18,good
4769,14,good
4771,4,good
4773,-23,good
4775,-37,good
4777,-13,good
4779,22,good
4781,39,good
4783,19,good
4785,-24,good
4787,-50,good
4790,-45,good
4792,-9,good
4794,63,good
4796,44,good
4798,-5,good
4800,-39,good
4802,-35,good
4804,-34,good
4806,-33,good
4808,-29,good
4810,-22,good
4812,-10,good
4814,4,good
4816,26,good
4818,26,good
4820,24,good
4822,31,good
4824,9,good
4826,-19,good
4828,-48,good
4830,-29,good
4832,-12,good
4834,-17,good
4836,-8,good
4838,14,good
4840,42,good
4842,15,good
4844,-19,good
4846,-38,good
4848,-14,good
4850,6,good
4852,48,good
4854,-6,good
4856,-49,good
4858,-63,good
4860,-52,good
4862,-22,good
4864,65,good
4866,48,good
4868,-8,good
4870,-37,good
4872,-48,good
4875,-35,good
4877,24,good
4879,26,good
4881,47,good
4883,11,good
4885,-49,good
4887,-70,good
4889,-34,good
4891,41,good
4893,33,good
4895,-22,good
4897,-30,good
4899,-6,good
4901,10,good
4903,6,good
4905,-8,good
4907,-3,good
4909,-5,good
4911,3,good
4913,-8,good
4915,-23,good
4918,0,good
4920,22,good
4922,32,good
4924,20,good
4926,86,good
4928,-34,good
4930,-123,good
4932,-101,good
4934,-46,good
4936,0,good
4938,25,good
4940,70,good
4942,36,good
4944,-34,good
4946,-44,good
4948,-27,good
4950,-12,good
4952,-18,good
4954,4,good
4956,22,good
4958,12,good
4960,2,good
4962,-17,good
4964,26,good
4966,8,good
4968,27,good
4970,-12,good
4972,-51,good
4974,-65,good
4976,-19,good
4978,13,good
4980,9,good
4982,2,good
4984,37,good
4986,58,good
4988,-31,good
4990,-71,good
4992,-55,good
4994,46,good
4996,64,good
4998,-42,good
5000,-86,good
5003,-49,good
5005,-1,good
5007,33,good
5009,158,good
5011,65,good
5013,-127,good
5015,-130,good
5017,-40,good
5019,11,good
5021,42,good
5023,52,good
5025,7,good
5027,-35,good
5029,13,good
5031,-18,good
5033,-68,good
5035,-1,good
5037,40,good
5039,-13,good
5041,-49,good
5043,-26,good
5046,-3,good
5048,15,good
5050,27,good
5052,38,good
5054,30,good
5056,-95,good
5058,-83,good
5060,-10,good
5062,11,good
5064,49,good
5066,38,good
5068,-22,good
5070,-27,good
5072,-12,good
5074,8,good
5076,74,good
5078,21,good
5080,-59,good
5082,-95,good
5084,-43,good
5086,2,good
5088,-1,good
5090,11,good
5092,14,good
5094,39,good
5096,69,good
5098,-52,good
5100,-87,good
5102,-49,good
5104,0,good
5106,6,good
5108,-4,good
5110,-3,good
5112,15,good
5114,81,good
5116,43,good
5118,-49,good
5120,-67,good
5122,-20,good
5124,-2,good
5126,1,good
5128,23,good
5131,12,good
5133,-54,good
5135,-53,good
5137,-3,good
5139,-5,good
5141,-7,good
5143,9,good
5145,33,good
5147,-14,good
5149,1,good
5151,-18,good
5153,-18,good
5155,7,good
5157,3,good
5159,14,good
5161,-20,good
5163,-4,good
5165,0,good
5167,-31,good
5169,-9,good
5171,-10,good
5174,-37,good
5176,-20,good
5178,13,good
5180,23,good
5182,25,good
5184,12,good
5186,-12,good
5188,-30,good
5190,-32,good
5192,5,good
5194,-5,good
5196,-22,good
5198,-10,good
5200,7,good
5202,29,good
5204,16,good
5206,1,good
5208,-7,good
5210,-28,good
5212,-11,good
5214,-28,good
5216,-12,good
5218,-13,good
5220,-21,good
5222,-15,good
5224,23,good
5226,10,good
5228,2,good
5230,8,good
5232,2,good
5234,-21,good
5236,-29,good
5238,-32,good
5240,-31,good
5242,2,good
5244,-5,good
5246,15,good
5248,4,good
5250,-23,good
5252,3,good
5254,12,good
5256,34,good
5259,11,good
5261,-2,good
5263,-9,good
5265,-31,good
5267,-39,good
5269,-34,good
5271,-21,good
5273,9,good
5275,39,good
5277,28,good
5279,34,good
5281,-4,good
5283,9,good
5285,-15,good
5287,-24,good
5289,-36,good
5291,-40,good
5293,-23,good
5295,3,good
5297,-8,good
5299,13,good
5302,-39,good
5304,-37,good
5306,13,good
5308,19,good
5310,33,good
5312,6,good
5314,-28,good
5316,-45,good
5318,-2,good
5320,27,good
5322,15,good
5324,-33,good
5326,-22,good
5328,5,good
5330,19,good
5332,-20,good
5334,-39,good
5336,9,good
5338,31,good
5340,13,good
5342,-29,good
5344,-28,good
5346,7,good
5348,14,good
5350,-29,good
5352,-38,good
5354,4,good
5356,12,good
5358,10,good
5360,-25,good
5362,-9,good
5364,6,good
5366,-20,good
5368,-30,good
5370,39,good
5372,25,good
5374,-21,good
5376,-70,good
5378,-2,good
5380,32,good
5382,37,good
5384,-32,good
5387,10,good
5389,-20,good
5391,-44,good
5393,-39,good
5395,3,good
5397,45,good
5399,33,good
5401,5,good
5403,-17,good
5405,-30,good
5407,-35,good
5409,1,good
5411,12,good
5413,-18,good
5415,4,good
5417,-49,good
5419,-45,good
5421,35,good
5423,55,good
5425,3,good
5427,-29,good
5430,-3,good
5432,-17,good
5434,-85,good
5436,7,good
5438,76,good
5440,42,good
5442,-7,good
5444,-26,good
5446,-68,good
5448,-22,good
5450,14,good
5452,31,good
5454,-14,good
5456,-33,good
5458,-46,good
5460,-49,good
5462,-39,good
5464,35,good
5466,38,good
5468,10,good
5470,28,good
5472,5,good
5474,-49,good
5476,-56,good
5478,50,good
5480,56,good
5482,-33,good
5484,-12,good
5486,-10,good
5488,-36,good
5490,29,good
5492,48,good
5494,-33,good
5496,-162,good
5498,1,good
5500,102,good
5502,76,good
5504,25,good
5506,-58,good
5508,-96,good
5510,0,good
5512,29,good
5515,48,good
5517,42,good
5519,0,good
5521,-29,good
5523,-17,good
5525,-4,good
5527,-36,good
5529,-80,good
5531,-91,good
5533,-32,good
5535,66,good
5537,58,good
5539,-41,good
5541,-74,good
5543,51,good
5545,78,good
5547,31,good
5549,-3,good
5551,-2,good
5553,-49,good
5555,-79,good
5558,-87,good
5560,23,good
5562,102,good
5564,31,good
5566,-23,good
5568,-96,good
5570,-22,good
5572,8,good
5574,57,good
5576,84,good
5578,-23,good
5580,-35,good
5582,-13,good
5584,-4,good
5586,10,good
5588,-58,good
5590,-56,good
5592,14,good
5594,47,good
5596,45,good
5598,1,good
5600,-18,good
5602,-20,good
5604,-24,good
5606,-37,good
5608,-58,good
5610,-149,good
5612,0,good
5614,174,good
5616,93,good
5618,-13,good
5620,-34,good
5622,-20,good
5624,-60,good
5626,-12,good
5628,38,good
5630,16,good
5632,-5,good
5634,-10,good
5636,-6,good
5638,-15,good
5640,-11,good
5643,-39,good
5645,-15,good
5647,-26,good
5649,22,good
5651,-31,good
5653,-141,good
5655,34,good
5657,118,good
5659,65,good
5661,8,good
5663,-23,good
5665,-85,good
5667,-18,good
5669,32,good
5671,45,good
5673,7,good
5675,-46,good
5677,10,good
5679,21,good
5681,-5,good
5683,7,good
5686,-7,good
5688,-24,good
5690,-37,good
5692,-9,good
5694,-21,good
5696,-17,good
5698,13,good
5700,5,good
5702,-45,good
5704,-58,good
5706,5,good
5708,42,good
5710,39,good
5712,0,good
5714,9,good
5716,6,good
5718,-12,good
5720,-26,good
5722,-40,good
5724,-39,good
5726,14,good
5728,38,good
5730,28,good
5732,-3,good
5734,-21,good
5736,-28,good
5738,-74,good
5740,-14,good
5742,42,good
5744,31,good
5746,4,good
5748,-59,good
5750,-11,good
5752,47,good
5754,31,good
5756,-32,good
5758,-39,good
5760,-9,good
5762,21,good
5764,14,good
5766,-12,good
5768,4,good
5771,8,good
5773,4,good
5775,-5,good
5777,-22,good
5779,-21,good
5781,-7,good
5783,-4,good
5785,-4,good
5787,0,good
5789,-8,good
5791,-9,good
5793,-9,good
5795,-8,good
5797,-7,good
5799,-24,good
5801,-11,good
5803,-4,good
5805,-18,good
5807,-22,good
5809,-10,good
5811,16,good
5814,21,good
5816,10,good
5818,-19,good
5820,-23,good
5822,2,good
5824,-7,good
5826,-35,good
5828,-10,good
5830,1,good
5832,-2,good
5834,18,good
5836,21,good
5838,6,good
5840,-5,good
5842,-5,good
5844,-8,good
5846,-21,good
5848,-12,good
5850,-6,good
5852,-5,good
5854,-5,good
5856,-5,good
5858,-11,good
5860,-16,good
5862,-15,good
5864,-5,good
5866,2,good
5868,3,good
5870,-3,good
5872,-5,good
5874,-6,good
5876,-8,good
5878,-9,good
5880,-9,good
5882,-23,good
5884,-20,good
5886,-8,good
5888,-14,good
5890,-13,good
5892,2,good
5894,6,good
5896,19,good
5899,3,good
5901,3,good
5903,-2,good
5905,-13,good
5907,-9,good
5909,8,good
5911,2,good
5913,-5,good
5915,-12,good
5917,-13,good
5919,-7,good
5921,-7,good
5923,-4,good
5925,-6,good
5927,-19,good
5929,-11,good
5931,4,good
5933,6,good
5935,3,good
5937,-4,good
5939,-7,good
5942,-8,good
5944,-5,good
5946,-1,good
5948,-6,good
5950,-6,good
5952,-7,good
5954,-9,good
5956,-12,good
5958,-9,good
5960,-5,good
5962,-4,good
5964,1,good
5966,-3,good
5968,-8,good
5970,-3,good
5972,8,good
5974,-2,good
5976,-10,good
5978,2,good
5980,5,good
5982,6,good
5984,7,good
5986,1,good
5988,3,good
5990,-4,good
5992,-1,good
5994,-4,good
5996,-4,good
5998,-5,good
6000,-1,good
6002,-3,good
6004,0,good
6006,-2,good
6008,0,good
6010,-2,good
6012,0,good
6014,-1,good
6016,-2,good
6018,-2,good
6020,-1,good
6022,-2,good
6024,1,good
6027,0,good
6029,0,good
6031,0,good
6033,-3,good
6035,-6,good
6037,-7,good
6039,-2,good
6041,-4,good
6043,5,good
6045,9,good
6047,1,good
6049,-4,good
6051,-5,good
6053,1,good
6055,6,good
6057,6,good
6059,-4,good
6061,-4,good
6063,-2,good
6065,-2,good
6067,4,good
6070,3,good
6072,4,good
6074,6,good
6076,4,good
6078,4,good
6080,-1,good
6082,-1,good
6084,0,good
6086,-1,good
6088,-2,good
6090,-3,good
6092,-2,good
6094,0,good
6096,-1,good
6098,-2,good
6100,0,good
6102,-1,good
6104,0,good
6106,1,good
6108,0,good
6110,-2,good
6112,-3,good
6114,-2,good
6116,-1,good
6118,-1,good
6120,-5,good
6122,-6,good
6124,3,good
6126,1,good
6128,-4,good
6130,-2,good
6132,0,good
6134,-13,good
6136,-2,good
6138,21,good
6140,11,good
6142,7,good
6144,3,good
6146,-2,good
6148,14,good
6150,2,good
6152,-13,good
6155,-7,good
6157,-1,good
6159,-3,good
6161,1,good
6163,2,good
6165,5,good
6167,-2,good
6169,-7,good
6171,-4,good
6173,-1,good
6175,-1,good
6177,2,good
6179,1,good
6181,1,good
6183,0,good
6185,0,good
6187,-2,good
6189,-3,good
6191,-2,good
6193,-2,good
6195,-1,good
6198,0,good
6200,3,good
6202,-3,good
6204,-9,good
6206,3,good
6208,-3,good
6210,-13,good
6212,0,good
6214,5,good
6216,6,good
6218,6,good
6220,-2,good
6222,-1,good
6224,-3,good
6226,8,good
6228,20,good
6230,-7,good
6232,-14,good
6234,-1,good
6236,0,good
6238,-1,good
6240,2,good
6242,2,good
6244,-1,good
6246,-3,good
6248,-2,good
6250,-1,good
6252,0,good
6254,1,good
6256,1,good
6258,-1,good
6260,-2,good
6262,0,good
6264,-1,good
6266,1,good
6268,0,good
6270,0,good
6272,1,good
6274,-1,good
6276,-5,good
6278,-1,good
6280,0,good
6283,3,good
6285,2,good
6287,29,good
6289,3,good
6291,-11,good
6293,-27,good
6295,-14,good
6297,-4,good
6299,-13,good
6301,-2,good
6303,12,good
6305,7,good
6307,10,good
6309,19,good
6311,6,good
6313,-16,good
6315,-20,good
6317,-13,good
6319,1,good
6321,0,good
6323,-8,good
6326,-7,good
6328,-1,good
6330,-1,good
6332,-3,good
6334,-1,good
6336,-3,good
6338,-2,good
6340,-4,good
6342,-3,good
6344,-3,good
6346,-2,good
6348,-2,good
6350,-3,good
6352,-2,good
6354,-3,good
6356,-2,good
6358,-3,good
6360,0,good
6362,1,good
6364,-6,good
6366,-5,good
6368,-3,good
6370,-4,good
6372,20,good
6374,27,good
6376,18,good
6378,0,good
6380,-31,good
6382,-39,good
6384,-18,good
6386,0,good
6388,0,good
6390,9,good
6392,10,good
6394,1,good
6396,-7,good
6398,-8,good
6400,-6,good
6402,-6,good
6404,-4,good
6406,-5,good
6408,-2,good
6411,-5,good
6413,-4,good
6415,-4,good
6417,-4,good
6419,1,good
6421,7,good
6423,-4,good
6425,-12,good
6427,-9,good
6429,-5,good
6431,-4,good
6433,-1,good
6435,1,good
6437,-1,good
6439,-3,good
6441,-7,good
6443,-5,good
6445,-2,good
6447,0,good
6449,-5,good
6451,17,good
6454,25,good
6456,19,good
6458,-10,good
6460,-38,good
6462,-31,good
6464,-3,good
6466,44,good
6468,8,good
6470,-22,good
6472,-35,good
6474,-21,good
6476,3,good
6478,19,good
6480,12,good
6482,-5,good
6484,-19,good
6486,-19,good
6488,-10,good
6490,-4,good
6492,-4,good
6494,-2,good
6496,1,good
6498,10,good
6500,1,good
6502,-11,good
6504,-14,good
6506,-9,good
6508,-5,good
6510,-6,good
6512,-5,good
6514,-3,good
6516,4,good
6518,-6,good
6520,-13,good
6522,-12,good
6524,-4,good
6526,-3,good
6528,-6,good
6530,-7,good
6532,-9,good
6534,5,good
6536,11,good
6539,2,good
6541,-14,good
6543,1,good
6545,6,good
6547,-8,good
6549,-18,good
6551,-14,good
6553,-12,good
6555,-15,good
6557,-10,good
6559,-3,good
6561,26,good
6563,36,good
6565,2,good
6567,-25,good
6569,-35,good
6571,-22,good
6573,-8,good
6575,-1,good
6577,0,good
6579,3,good
6582,1,good
6584,0,good
6586,-2,good
6588,-3,good
6590,-6,good
6592,-7,good
6594,-8,good
6596,-8,good
6598,-7,good
6600,-6,good
6602,-6,good
6604,-7,good
6606,-5,good
6608,-3,good
6610,-4,good
6612,-4,good
6614,-6,good
6616,-5,good
6618,-3,good
6620,-2,good
6622,-1,good
6624,-1,good
6626,-3,good
6628,-7,good
6630,-3,good
6632,5,good
6634,0,good
6636,-7,good
6638,-9,good
6640,5,good
6642,14,good
6644,3,good
6646,-13,good
6648,-16,good
6650,-10,good
6652,-1,good
6654,4,good
6656,2,good
6658,4,good
6660,6,good
6662,13,good
6664,-1,good
6667,-17,good
6669,-23,good
6671,-14,good
6673,-1,good
6675,0,good
6677,0,good
6679,0,good
6681,-2,good
6683,-2,good
6685,-1,good
6687,-2,good
6689,-3,good
6691,-3,good
6693,-4,good
6695,-3,good
6697,-3,good
6699,-2,good
6701,-2,good
6703,-2,good
6705,-1,good
6707,0,good
6710,-2,good
6712,-1,good
6714,-1,good
6716,0,good
6718,-1,good
6720,0,good
6722,0,good
6724,0,good
6726,1,good
6728,2,good
6730,1,good
6732,0,good
6734,-1,good
6736,-1,good
6738,1,good
6740,0,good
6742,-1,good
6744,7,good
6746,10,good
6748,1,good
6750,-8,good
6752,-12,good
6754,-7,good
6756,0,good
6758,2,good
6760,3,good
6762,3,good
6764,2,good
6766,2,good
6768,4,good
6770,4,good
6772,1,good
6774,-2,good
6776,-4,good
6778,-2,good
6780,0,good
6782,0,good
6784,1,good
6786,0,good
6788,1,good
6790,1,good
6792,2,good
6795,1,good
6797,0,good
6799,2,good
6801,1,good
6803,0,good
6805,0,good
6807,1,good
6809,0,good
6811,1,good
6813,0,good
6815,-1,good
6817,1,good
6819,0,good
6821,0,good
6823,1,good
6825,1,good
6827,0,good
6829,1,good
6831,1,good
6833,-1,good
6835,2,good
6838,-1,good
6840,0,good
6842,1,good
6844,0,good
6846,0,good
6848,0,good
6850,1,good
6852,0,good
6854,0,good
6856,0,good
6858,1,good
6860,0,good
6862,1,good
6864,1,good
6866,0,good
6868,0,good
6870,0,good
6872,0,good
6874,1,good
6876,1,good
6878,0,good
6880,1,good
6882,0,good
6884,1,good
6886,1,good
6888,0,good
6890,-1,good
6892,-1,good
6894,0,good
6896,0,good
6898,1,good
6900,1,good
6902,1,good
6904,0,good
6906,0,good
6908,0,good
6910,1,good
6912,2,good
6914,1,good
6916,0,good
6918,2,good
6920,-1,good
6923,0,good
6925,0,good
6927,0,good
6929,2,good
6931,0,good
6933,0,good
6935,1,good
6937,2,good
6939,0,good
6941,0,good
6943,0,good
6945,0,good
6947,0,good
6949,-1,good
6951,0,good
6953,0,good
6955,1,good
6957,0,good
6959,1,good
6961,-1,good
6963,1,good
6966,-1,good
6968,1,good
6970,0,good
6972,1,good
6974,1,good
6976,0,good
6978,1,good
6980,0,good
6982,0,good
6984,0,good
6986,1,good
6988,-1,good
6990,0,good
6992,0,good
6994,1,good
6996,2,good
6998,1,good
7000,1,good
7002,0,good
7004,0,good
7006,0,good
7008,1,good
7010,1,good
7012,1,good
7014,1,good
7016,0,good
7018,-1,good
7020,0,good
7022,1,good
7024,1,good
7026,1,good
7028,0,good
7030,1,good
7032,0,good
7034,0,good
7036,0,good
7038,0,good
7040,0,good
7042,1,good
7044,0,good
7046,0,good
7048,0,good
7051,0,good
7053,0,good
7055,0,good
7057,0,good
7059,0,good
7061,1,good
7063,0,good
7065,1,good
7067,0,good
7069,0,good
7071,-1,good
7073,0,good
7075,0,good
7077,-1,good
7079,0,good
7081,1,good
7083,1,good
7085,1,good
7087,1,good
7089,1,good
7091,1,good
7094,0,good
7096,0,good
7098,1,good
7100,0,good
7102,1,good
7104,0,good
7106,1,good
7108,0,good
7110,1,good
7112,0,good
7114,0,good
7116,1,good
7118,1,good
7120,0,good
7122,1,good
7124,-1,good
7126,0,good
7128,0,good
7130,1,good
7132,0,good
7134,1,good
7136,1,good
7138,1,good
7140,0,good
7142,1,good
7144,0,good
7146,0,good
7148,0,good
7150,0,good
7152,0,good
7154,1,good
7156,-1,good
7158,0,good
7160,0,good
7162,-1,good
7164,1,good
7166,0,good
7168,-1,good
7170,1,good
7172,0,good
7174,1,good
7176,0,good
7179,0,good
7181,1,good
7183,1,good
7185,1,good
7187,0,good
7189,0,good
7191,1,good
7193,-1,good
7195,0,good
7197,0,good
7199,0,good
7201,0,good
7203,1,good
7205,1,good
7207,0,good
7209,1,good
7211,1,good
7213,0,good
7215,1,good
7217,-1,good
7219,1,good
7222,-2,good
7224,0,good
7226,-1,good
7228,0,good
7230,-1,good
7232,-1,good
7234,-1,good
7236,0,good
7238,0,good
7240,0,good
7242,0,good
7244,1,good
7246,0,good
7248,1,good
7250,0,good
7252,0,good
7254,0,good
7256,0,good
7258,0,good
7260,0,good
7262,0,good
7264,1,good
7266,0,good
7268,0,good
7270,1,good
7272,0,good
7274,0,good
7276,0,good
7278,1,good
7280,1,good
7282,1,good
7284,0,good
7286,0,good
7288,0,good
7290,0,good
7292,0,good
7294,0,good
7296,0,good
7298,0,good
7300,0,good
7302,0,good
7304,0,good
7307,1,good
7309,0,good
7311,0,good
7313,1,good
7315,1,good
7317,1,good
7319,0,good
7321,2,good
7323,2,good
7325,0,good
7327,1,good
7329,0,good
7331,0,good
7333,0,good
7335,0,good
7337,1,good
7339,1,good
7341,1,good
7343,0,good
7345,0,good
7347,1,good
7350,1,good
7352,0,good
7354,0,good
7356,0,good
7358,0,good
7360,0,good
7362,0,good
7364,0,good
7366,0,good
7368,0,good
7370,0,good
7372,0,good
7374,0,good
7376,0,good
7378,0,good
7380,1,good
7382,1,good
7384,1,good
7386,0,good
7388,0,good
7390,0,good
7392,1,good
7394,0,good
7396,1,good
7398,0,good
7400,0,good
7402,1,good
7404,1,good
7406,1,good
7408,0,good
7410,0,good
7412,1,good
7414,1,good
7416,1,good
7418,1,good
7420,1,good
7422,-1,good
7424,-1,good
7426,0,good
7428,1,good
7430,0,good
7432,1,good
7435,0,good
7437,1,good
7439,1,good
7441,1,good
7443,1,good
7445,0,good
7447,0,good
7449,0,good
7451,1,good
7453,0,good
7455,0,good
7457,-1,good
7459,1,good
7461,1,good
7463,-1,good
7465,0,good
7467,0,good
7469,0,good
7471,0,good
7473,1,good
7475,0,good
7478,1,good
7480,0,good
7482,1,good
7484,0,good
7486,1,good
7488,0,good
7490,2,good
7492,0,good
7494,0,good
7496,0,good
7498,1,good
7500,-1,good
7502,0,good
7504,0,good
7506,1,good
7508,0,good
7510,1,good
7512,1,good
7514,1,good
7516,0,good
7518,0,good
7520,0,good
7522,0,good
7524,1,good
7526,0,good
7528,0,good
7530,1,good
7532,0,good
7534,-1,good
7536,0,good
7538,0,good
7540,0,good
7542,-1,good
7544,-1,good
7546,1,good
7548,1,good
7550,0,good
7552,0,good
7554,0,good
7556,0,good
7558,0,good
7560,1,good
7563,0,good
7565,1,good
7567,1,good
7569,0,good
7571,0,good
7573,1,good
7575,1,good
7577,0,good
7579,0,good
7581,0,good
7583,0,good
7585,0,good
7587,-2,good
7589,0,good
7591,0,good
7593,-1,good
7595,-1,good
7597,-1,good
7599,0,good
7601,-1,good
7603,-2,good
7606,-3,good
7608,-8,good
7610,-6,good
7612,-4,good
7614,-3,good
7616,-4,good
7618,-2,good
7620,-1,good
7622,-1,good
7624,-2,good
7626,-1,good
7628,-2,good
7630,-1,good
7632,0,good
7634,0,good
7636,0,good
7638,-1,good
7640,-1,good
7642,0,good
7644,-1,good
7646,-1,good
7648,-1,good
7650,-1,good
7652,0,good
7654,1,good
7656,-1,good
7658,0,good
7660,-1,good
7662,0,good
7664,-1,good
7666,-2,good
7668,-2,good
7670,-1,good
7672,-4,good
7674,-4,good
7676,-5,good
7678,-5,good
7680,-5,good
7682,-4,good
7684,-4,good
7686,-2,good
7688,-2,good
7691,-3,good
7693,-1,good
7695,-1,good
7697,-2,good
7699,-1,good
7701,-1,good
7703,-2,good
7705,-1,good
7707,-1,good
7709,-1,good
7711,0,good
7713,-2,good
7715,-1,good
7717,-1,good
7719,-1,good
7721,-1,good
7723,0,good
7725,-3,good
7727,-1,good
7729,-1,good
7731,0,good
7734,-1,good
7736,0,good
7738,-1,good
7740,0,good
